{
  "small_width": 340,
  "ultra-wide_ratio": 1.89999999,
  "landscape_ratio_min": 1.1900000001,
  "tall_ratio": 0.8999990,
  "square_min": 0.8999991,
  "square_max": 1.19
}